Date,Platform,Buyer Name,Product,Link,Status
2026-05-03 08:14,Amazon,Viral Laptop,https://amazon.com/sample,Lead Found
2026-05-03 20:01,Travelpayouts,London Vacation Deal,https://ismailking515.github.io/sales-ai-empire/,Lead Found
2026-05-03 20:17,Amazon / Reddit,Gaming Linux Laptops,https://www.amazon.com/s?k=Gaming+Linux+Laptops&tag=63003-21,Action Required
2026-05-04 13:17,X (Twitter),YES,https://www.amazon.com/s?k=YES&tag=63003-21,UNIVERSAL STRIKE COMPLETE
2026-05-04 10:45,Quora,Search_Target,N/A,N/A,Scanning for Advice Leads
2026-05-04 10:49,Quora,Search_Target,N/A,N/A,Scanning for Advice Leads
2026-05-04 12:14,Quora,Search_Target,N/A,N/A,Scanning for Advice Leads
2026-05-04 14:33,Quora,Search_Target,N/A,N/A,Scanning for Advice Leads
2026-05-04 16:23,Quora,Search_Target,N/A,N/A,Scanning for Advice Leads
2026-05-04 18:06,Quora,Search_Target,N/A,N/A,Scanning for Advice Leads
2026-05-04 19:57,Quora,Search_Target,N/A,N/A,Scanning for Advice Leads
2026-05-04 21:32,Quora,Search_Target,N/A,N/A,Scanning for Advice Leads
2026-05-04 22:42,Quora,Search_Target,N/A,N/A,Scanning for Advice Leads
2026-05-04 23:38,Quora,Search_Target,N/A,N/A,Scanning for Advice Leads
2026-05-05 01:21,Quora,Search_Target,N/A,N/A,Scanning for Advice Leads
2026-05-05 04:49,Quora,Search_Target,N/A,N/A,Scanning for Advice Leads
2026-05-05 05:06,Quora,Search_Target,N/A,N/A,Scanning for Advice Leads
2026-05-05 07:08,Quora,Search_Target,N/A,N/A,Scanning for Advice Leads
2026-05-05 09:23,Quora,Search_Target,N/A,N/A,Scanning for Advice Leads
2026-05-05 11:06,Quora,Search_Target,N/A,N/A,Scanning for Advice Leads
